scale,analysis_layer,target_method,reference_method,metric,n,delta_target_minus_reference,ci_low,ci_high,p,q,direction
PHQ-8,PHQ189_pooled,CrossAI_C03,C03_DeepSeek-V4-Pro,total_MAE_subject,189,-0.5285714285714286,-0.7513359788359788,-0.3179365079365082,9.999000099990002e-05,9.999000099990002e-05,target lower (favorable for error)
PHQ-8,PHQ189_pooled,CrossAI_C03,C03_DeepSeek-V4-Pro,item_NAE_subject,189,-0.0177910052910052,-0.0265437610229276,-0.0091925705467372,0.0002999700029997,0.0004499550044995,target lower (favorable for error)
PHQ-8,PHQ189_pooled,CrossAI_C03,C03_DeepSeek-V4-Pro,cancellation_ratio_subject,189,0.0427129954114081,0.0072610668285271,0.0798551577757926,0.0257974202579742,0.0257974202579742,target higher
PHQ-8,PHQ189_pooled,CrossAI_C03,C03_GLM-5.2,total_MAE_subject,189,0.3021164021164021,0.1751322751322751,0.4264550264550264,9.999000099990002e-05,9.999000099990002e-05,target higher
PHQ-8,PHQ189_pooled,CrossAI_C03,C03_GLM-5.2,item_NAE_subject,189,-0.0012566137566137,-0.0054894179894179,0.0030654761904761,0.5755424457554245,0.5755424457554245,target lower (favorable for error)
PHQ-8,PHQ189_pooled,CrossAI_C03,C03_GLM-5.2,cancellation_ratio_subject,189,-0.0637881460103682,-0.0958551768631134,-0.0340203318139826,9.999000099990002e-05,0.0001499850014998,target lower (favorable for error)
PHQ-8,PHQ189_pooled,CrossAI_C03,C03_Qwen3.7-Max,total_MAE_subject,189,-0.6555555555555556,-0.830185185185185,-0.478267195767196,9.999000099990002e-05,9.999000099990002e-05,target lower (favorable for error)
PHQ-8,PHQ189_pooled,CrossAI_C03,C03_Qwen3.7-Max,item_NAE_subject,189,-0.0147045855379188,-0.0217598104056437,-0.0077154982363315,9.999000099990002e-05,0.0002999700029997,target lower (favorable for error)
PHQ-8,PHQ189_pooled,CrossAI_C03,C03_Qwen3.7-Max,cancellation_ratio_subject,189,0.0640248992629945,0.0355723896180245,0.0930882089691613,9.999000099990002e-05,0.0001499850014998,target higher
PHQ-8,PHQ189_pooled,CrossAI_Joint-A,C03_DeepSeek-V4-Pro,total_MAE_subject,189,-0.7084656084656084,-0.9926058201058202,-0.4465343915343917,9.999000099990002e-05,0.0001499850014998,target lower (favorable for error)
PHQ-8,PHQ189_pooled,CrossAI_Joint-A,C03_DeepSeek-V4-Pro,item_NAE_subject,189,-0.0089726631393298,-0.0184303350970017,-0.0001300705467372,0.0597940205979402,0.0896910308969103,target lower (favorable for error)
PHQ-8,PHQ189_pooled,CrossAI_Joint-A,C03_DeepSeek-V4-Pro,cancellation_ratio_subject,189,0.1160501990660721,0.0748081253696333,0.1591118310701643,9.999000099990002e-05,0.0001499850014998,target higher
PHQ-8,PHQ189_pooled,CrossAI_Joint-A,C03_GLM-5.2,total_MAE_subject,189,0.1222222222222222,1.389247329755819e-17,0.2502645502645503,0.055994400559944,0.055994400559944,target higher
PHQ-8,PHQ189_pooled,CrossAI_Joint-A,C03_GLM-5.2,item_NAE_subject,189,0.0075617283950617,0.0032186948853615,0.0120816798941798,0.0011998800119988,0.0035996400359964,target higher
PHQ-8,PHQ189_pooled,CrossAI_Joint-A,C03_GLM-5.2,cancellation_ratio_subject,189,0.0095490576442957,-0.0135632831307434,0.033818594838436,0.4447555244475552,0.4447555244475552,target higher
PHQ-8,PHQ189_pooled,CrossAI_Joint-A,C03_Qwen3.7-Max,total_MAE_subject,189,-0.8354497354497354,-1.1402116402116402,-0.5592328042328043,9.999000099990002e-05,0.0001499850014998,target lower (favorable for error)
PHQ-8,PHQ189_pooled,CrossAI_Joint-A,C03_Qwen3.7-Max,item_NAE_subject,189,-0.0058862433862433,-0.0148159171075837,0.0030208333333333,0.2207779222077792,0.2207779222077792,target lower (favorable for error)
PHQ-8,PHQ189_pooled,CrossAI_Joint-A,C03_Qwen3.7-Max,cancellation_ratio_subject,189,0.1373621029176585,0.10037847381895,0.1755538033395176,9.999000099990002e-05,0.0001499850014998,target higher
PHQ-8,PHQ189_pooled,CrossAI_Joint-B,C03_DeepSeek-V4-Pro,total_MAE_subject,189,-0.5650793650793652,-0.7921296296296296,-0.343346560846561,9.999000099990002e-05,0.0001499850014998,target lower (favorable for error)
PHQ-8,PHQ189_pooled,CrossAI_Joint-B,C03_DeepSeek-V4-Pro,item_NAE_subject,189,-0.0122134038800705,-0.020679012345679,-0.0036590608465608,0.0051994800519948,0.0155984401559844,target lower (favorable for error)
PHQ-8,PHQ189_pooled,CrossAI_Joint-B,C03_DeepSeek-V4-Pro,cancellation_ratio_subject,189,0.0768399589828161,0.0415244541613589,0.1130062168137564,9.999000099990002e-05,0.0001499850014998,target higher
PHQ-8,PHQ189_pooled,CrossAI_Joint-B,C03_GLM-5.2,total_MAE_subject,189,0.2656084656084655,0.1306878306878306,0.4095238095238094,0.0001999800019998,0.0001999800019998,target higher
PHQ-8,PHQ189_pooled,CrossAI_Joint-B,C03_GLM-5.2,item_NAE_subject,189,0.0043209876543209,-0.0007501102292768,0.0094808201058201,0.0970902909709029,0.0970902909709029,target higher
PHQ-8,PHQ189_pooled,CrossAI_Joint-B,C03_GLM-5.2,cancellation_ratio_subject,189,-0.0296611824389602,-0.0647631253960619,0.0033464744397284,0.0782921707829217,0.0782921707829217,target lower (favorable for error)
PHQ-8,PHQ189_pooled,CrossAI_Joint-B,C03_Qwen3.7-Max,total_MAE_subject,189,-0.6920634920634922,-0.8984391534391535,-0.4814550264550266,9.999000099990002e-05,0.0001499850014998,target lower (favorable for error)
PHQ-8,PHQ189_pooled,CrossAI_Joint-B,C03_Qwen3.7-Max,item_NAE_subject,189,-0.0091269841269841,-0.017241512345679,-0.0015426587301587,0.0225977402259774,0.0338966103389661,target lower (favorable for error)
PHQ-8,PHQ189_pooled,CrossAI_Joint-B,C03_Qwen3.7-Max,cancellation_ratio_subject,189,0.0981518628344025,0.0659894158604476,0.1328815604589414,9.999000099990002e-05,0.0001499850014998,target higher
PHQ-8,PHQ189_pooled,CrossAI_Conservative-C,C03_DeepSeek-V4-Pro,total_MAE_subject,189,-0.5375661375661375,-0.7471957671957672,-0.3290740740740742,9.999000099990002e-05,9.999000099990002e-05,target lower (favorable for error)
PHQ-8,PHQ189_pooled,CrossAI_Conservative-C,C03_DeepSeek-V4-Pro,item_NAE_subject,189,-0.0179453262786596,-0.0262577160493827,-0.0098098544973545,9.999000099990002e-05,0.0002999700029997,target lower (favorable for error)
PHQ-8,PHQ189_pooled,CrossAI_Conservative-C,C03_DeepSeek-V4-Pro,cancellation_ratio_subject,189,0.0435799033418081,0.0056328248471105,0.0812480836330042,0.0221977802219778,0.0221977802219778,target higher
PHQ-8,PHQ189_pooled,CrossAI_Conservative-C,C03_GLM-5.2,total_MAE_subject,189,0.2931216931216931,0.1703703703703704,0.4169444444444444,9.999000099990002e-05,9.999000099990002e-05,target higher
PHQ-8,PHQ189_pooled,CrossAI_Conservative-C,C03_GLM-5.2,item_NAE_subject,189,-0.001410934744268,-0.0056883818342151,0.0028659611992945,0.529047095290471,0.529047095290471,target lower (favorable for error)
PHQ-8,PHQ189_pooled,CrossAI_Conservative-C,C03_GLM-5.2,cancellation_ratio_subject,189,-0.0629212380799682,-0.0926192050894431,-0.0349099259793704,9.999000099990002e-05,0.0001499850014998,target lower (favorable for error)
PHQ-8,PHQ189_pooled,CrossAI_Conservative-C,C03_Qwen3.7-Max,total_MAE_subject,189,-0.6645502645502644,-0.8571825396825397,-0.4804100529100529,9.999000099990002e-05,9.999000099990002e-05,target lower (favorable for error)
PHQ-8,PHQ189_pooled,CrossAI_Conservative-C,C03_Qwen3.7-Max,item_NAE_subject,189,-0.0148589065255731,-0.021915233686067,-0.0078913139329806,0.0001999800019998,0.0002999700029997,target lower (favorable for error)
PHQ-8,PHQ189_pooled,CrossAI_Conservative-C,C03_Qwen3.7-Max,cancellation_ratio_subject,189,0.0648918071933944,0.0369404818432596,0.0929228442045902,9.999000099990002e-05,0.0001499850014998,target higher
HAMD-17,HAMD17_available,CrossAI_C03,C03_GLM-5.2,total_MAE_subject,99,-0.0888888888888889,-0.4626515151515151,0.2616414141414139,0.6284371562843716,0.6284371562843716,target lower (favorable for error)
HAMD-17,HAMD17_available,CrossAI_C03,C03_GLM-5.2,item_NAE_subject,99,-0.0028102718360071,-0.0098670993018419,0.0042615028966131,0.4341565843415658,0.5823417658234177,target lower (favorable for error)
HAMD-17,HAMD17_available,CrossAI_C03,C03_GLM-5.2,cancellation_ratio_subject,99,-0.0058996234174487,-0.0553771630017173,0.0471417571337356,0.8313168683131686,0.8313168683131686,target lower (favorable for error)
HAMD-17,HAMD17_available,CrossAI_C03,C03_Kimi-K2.6,total_MAE_subject,99,-0.6747474747474749,-1.053611111111111,-0.2837373737373743,0.000999900009999,0.002999700029997,target lower (favorable for error)
HAMD-17,HAMD17_available,CrossAI_C03,C03_Kimi-K2.6,item_NAE_subject,99,-0.005038435828877,-0.0127035520647652,0.0025559594102792,0.1965803419658034,0.5823417658234177,target lower (favorable for error)
HAMD-17,HAMD17_available,CrossAI_C03,C03_Kimi-K2.6,cancellation_ratio_subject,99,0.0879071309953662,0.0385095767481017,0.1387431367816839,0.0014998500149985,0.0044995500449955,target higher
HAMD-17,HAMD17_available,CrossAI_C03,C03_Qwen3.7-Max,total_MAE_subject,99,-0.1494949494949495,-0.4798484848484848,0.174772727272727,0.3623637636236376,0.5435456454354565,target lower (favorable for error)
HAMD-17,HAMD17_available,CrossAI_C03,C03_Qwen3.7-Max,item_NAE_subject,99,0.0016924762329174,-0.0039452660799168,0.0075832312091503,0.5823417658234177,0.5823417658234177,target higher
HAMD-17,HAMD17_available,CrossAI_C03,C03_Qwen3.7-Max,cancellation_ratio_subject,99,0.0240951490906927,-0.0241683659065566,0.0705119200095804,0.3208679132086791,0.4813018698130187,target higher
HAMD-17,HAMD17_available,CrossAI_Joint-A,C03_GLM-5.2,total_MAE_subject,99,-0.0535353535353535,-0.4898989898989899,0.3829292929292924,0.8162183781621838,0.8162183781621838,target lower (favorable for error)
HAMD-17,HAMD17_available,CrossAI_Joint-A,C03_GLM-5.2,item_NAE_subject,99,0.0133903371954842,0.0041054385769459,0.0232995859328579,0.0080991900809919,0.0121487851214878,target higher
HAMD-17,HAMD17_available,CrossAI_Joint-A,C03_GLM-5.2,cancellation_ratio_subject,99,0.0233875229665172,-0.0285783262594584,0.0753067867546535,0.365963403659634,0.365963403659634,target higher
HAMD-17,HAMD17_available,CrossAI_Joint-A,C03_Kimi-K2.6,total_MAE_subject,99,-0.6393939393939394,-1.229292929292929,-0.0585353535353537,0.0458954104589541,0.1376862313768623,target lower (favorable for error)
HAMD-17,HAMD17_available,CrossAI_Joint-A,C03_Kimi-K2.6,item_NAE_subject,99,0.0111621732026143,0.0024489843285799,0.0202060587492572,0.0160983901609839,0.0160983901609839,target higher
HAMD-17,HAMD17_available,CrossAI_Joint-A,C03_Kimi-K2.6,cancellation_ratio_subject,99,0.1171942773793322,0.0453654196778141,0.1832961348782543,0.0006999300069993,0.0020997900209979,target higher
HAMD-17,HAMD17_available,CrossAI_Joint-A,C03_Qwen3.7-Max,total_MAE_subject,99,-0.1141414141414141,-0.5303787878787879,0.3192171717171717,0.6142385761423858,0.8162183781621838,target lower (favorable for error)
HAMD-17,HAMD17_available,CrossAI_Joint-A,C03_Qwen3.7-Max,item_NAE_subject,99,0.0178930852644087,0.0102833946078431,0.0249149119875222,9.999000099990002e-05,0.0002999700029997,target higher
HAMD-17,HAMD17_available,CrossAI_Joint-A,C03_Qwen3.7-Max,cancellation_ratio_subject,99,0.0533822954746587,-0.0049435424223162,0.1152488862948509,0.0836916308369163,0.1255374462553744,target higher
HAMD-17,HAMD17_available,CrossAI_Joint-B,C03_GLM-5.2,total_MAE_subject,99,-0.0595959595959596,-0.4556313131313131,0.3505303030303027,0.7718228177182281,0.7718228177182281,target lower (favorable for error)
HAMD-17,HAMD17_available,CrossAI_Joint-B,C03_GLM-5.2,item_NAE_subject,99,0.0035604203802733,-0.004668931966726,0.0117967357397504,0.401959804019598,0.6029397060293971,target higher
HAMD-17,HAMD17_available,CrossAI_Joint-B,C03_GLM-5.2,cancellation_ratio_subject,99,0.0101174497252928,-0.0432451835811907,0.0627157989688069,0.7103289671032896,0.7103289671032896,target higher
HAMD-17,HAMD17_available,CrossAI_Joint-B,C03_Kimi-K2.6,total_MAE_subject,99,-0.6454545454545454,-1.1313636363636363,-0.1555050505050508,0.0105989401059894,0.0317968203179682,target lower (favorable for error)
HAMD-17,HAMD17_available,CrossAI_Joint-B,C03_Kimi-K2.6,item_NAE_subject,99,0.0013322563874034,-0.0067136902109328,0.0097811525178253,0.7638236176382361,0.7638236176382361,target higher
HAMD-17,HAMD17_available,CrossAI_Joint-B,C03_Kimi-K2.6,cancellation_ratio_subject,99,0.1039242041381078,0.0400042618964187,0.1666247244865782,0.0025997400259974,0.0077992200779922,target higher
HAMD-17,HAMD17_available,CrossAI_Joint-B,C03_Qwen3.7-Max,total_MAE_subject,99,-0.1202020202020202,-0.4981060606060606,0.2546717171717163,0.5264473552644735,0.7718228177182281,target lower (favorable for error)
HAMD-17,HAMD17_available,CrossAI_Joint-B,C03_Qwen3.7-Max,item_NAE_subject,99,0.0080631684491978,0.0010457284239453,0.0154412228906714,0.0314968503149685,0.0944905509449055,target higher
HAMD-17,HAMD17_available,CrossAI_Joint-B,C03_Qwen3.7-Max,cancellation_ratio_subject,99,0.0401122222334343,-0.0225928495565304,0.1000105575417518,0.2103789621037896,0.3155684431556844,target higher
HAMD-17,HAMD17_available,CrossAI_Conservative-C,C03_GLM-5.2,total_MAE_subject,99,-0.1131313131313131,-0.503030303030303,0.2596212121212118,0.5596440355964404,0.5596440355964404,target lower (favorable for error)
HAMD-17,HAMD17_available,CrossAI_Conservative-C,C03_GLM-5.2,item_NAE_subject,99,-0.0002497400475341,-0.0076496583481877,0.0069579991087344,0.95010498950105,0.95010498950105,target lower (favorable for error)
HAMD-17,HAMD17_available,CrossAI_Conservative-C,C03_GLM-5.2,cancellation_ratio_subject,99,0.0006100421453644,-0.0501136118062893,0.0524814224776345,0.982101789821018,0.982101789821018,target higher
HAMD-17,HAMD17_available,CrossAI_Conservative-C,C03_Kimi-K2.6,total_MAE_subject,99,-0.698989898989899,-1.13030303030303,-0.2464141414141416,0.0030996900309969,0.0092990700929907,target lower (favorable for error)
HAMD-17,HAMD17_available,CrossAI_Conservative-C,C03_Kimi-K2.6,item_NAE_subject,99,-0.002477904040404,-0.0097789243538324,0.0048732963829471,0.5116488351164884,0.7674732526747325,target lower (favorable for error)
HAMD-17,HAMD17_available,CrossAI_Conservative-C,C03_Kimi-K2.6,cancellation_ratio_subject,99,0.0944167965581794,0.0387237065701391,0.1486147064215244,0.0010998900109989,0.0032996700329967,target higher
HAMD-17,HAMD17_available,CrossAI_Conservative-C,C03_Qwen3.7-Max,total_MAE_subject,99,-0.1737373737373737,-0.4677020202020202,0.1252777777777776,0.2767723227677232,0.4151584841515848,target lower (favorable for error)
HAMD-17,HAMD17_available,CrossAI_Conservative-C,C03_Qwen3.7-Max,item_NAE_subject,99,0.0042530080213903,-0.0013428865864527,0.0100632937834224,0.1690830916908309,0.5072492750724927,target higher
HAMD-17,HAMD17_available,CrossAI_Conservative-C,C03_Qwen3.7-Max,cancellation_ratio_subject,99,0.0306048146535059,-0.0149193018766266,0.0761893488062218,0.2068793120687931,0.3103189681031897,target higher
HAMD-17,HAMD17_strict_complete,CrossAI_C03,C03_GLM-5.2,total_MAE_subject,61,-0.0131147540983606,-0.4246311475409837,0.4246311475409832,0.9495050494950504,0.9495050494950504,target lower (favorable for error)
HAMD-17,HAMD17_strict_complete,CrossAI_C03,C03_GLM-5.2,item_NAE_subject,61,-0.0034715525554484,-0.0109215284474445,0.0048945274831243,0.4153584641535846,0.4153584641535846,target lower (favorable for error)
HAMD-17,HAMD17_strict_complete,CrossAI_C03,C03_GLM-5.2,cancellation_ratio_subject,61,-0.0250438541422148,-0.0928473047899277,0.0450572826535941,0.4760523947605239,0.4760523947605239,target lower (favorable for error)
HAMD-17,HAMD17_strict_complete,CrossAI_C03,C03_Kimi-K2.6,total_MAE_subject,59,-0.3745762711864407,-0.7899152542372881,0.0830932203389827,0.1036896310368963,0.3110688931106889,target lower (favorable for error)
HAMD-17,HAMD17_strict_complete,CrossAI_C03,C03_Kimi-K2.6,item_NAE_subject,59,-0.0045114656031904,-0.0131112911266201,0.0036895563310069,0.3030696930306969,0.4153584641535846,target lower (favorable for error)
HAMD-17,HAMD17_strict_complete,CrossAI_C03,C03_Kimi-K2.6,cancellation_ratio_subject,59,0.0691472557574252,0.0046197345498193,0.1399340069064645,0.0564943505649435,0.1694830516948305,target higher
HAMD-17,HAMD17_strict_complete,CrossAI_C03,C03_Qwen3.7-Max,total_MAE_subject,57,-0.0315789473684211,-0.4157894736842106,0.3491666666666664,0.8758124187581242,0.9495050494950504,target lower (favorable for error)
HAMD-17,HAMD17_strict_complete,CrossAI_C03,C03_Qwen3.7-Max,item_NAE_subject,57,0.0046697626418988,-0.0023219814241486,0.0119981940144478,0.2041795820417958,0.4153584641535846,target higher
HAMD-17,HAMD17_strict_complete,CrossAI_C03,C03_Qwen3.7-Max,cancellation_ratio_subject,57,0.0327292590450485,-0.0318037021458074,0.097901043157622,0.3300669933006699,0.4760523947605239,target higher
HAMD-17,HAMD17_strict_complete,CrossAI_Joint-A,C03_GLM-5.2,total_MAE_subject,60,-0.3010846560846561,-0.7632691798941802,0.1663518518518515,0.2181781821817818,0.2181781821817817,target lower (favorable for error)
HAMD-17,HAMD17_strict_complete,CrossAI_Joint-A,C03_GLM-5.2,item_NAE_subject,60,0.0097914721444133,-0.0008762449424214,0.0211096132897603,0.0906909309069093,0.0906909309069093,target higher
HAMD-17,HAMD17_strict_complete,CrossAI_Joint-A,C03_GLM-5.2,cancellation_ratio_subject,60,0.0411807030418141,-0.0132273643023643,0.0940899135586635,0.1388861113888611,0.1388861113888611,target higher
HAMD-17,HAMD17_strict_complete,CrossAI_Joint-A,C03_Kimi-K2.6,total_MAE_subject,62,-0.6451356886840757,-1.3057347670250896,0.0373540706605221,0.0680931906809319,0.2042795720427957,target lower (favorable for error)
HAMD-17,HAMD17_strict_complete,CrossAI_Joint-A,C03_Kimi-K2.6,item_NAE_subject,62,0.0098314056805517,-0.0009755165507063,0.0197505440348182,0.0810918908109189,0.0906909309069093,target higher
HAMD-17,HAMD17_strict_complete,CrossAI_Joint-A,C03_Kimi-K2.6,cancellation_ratio_subject,62,0.1351325327400596,0.0504338480615362,0.2202273048039177,0.0031996800319968,0.0095990400959904,target higher
HAMD-17,HAMD17_strict_complete,CrossAI_Joint-A,C03_Qwen3.7-Max,total_MAE_subject,56,-0.3878684807256236,-0.942936507936508,0.1581823979591835,0.1586841315868413,0.2181781821817817,target lower (favorable for error)
HAMD-17,HAMD17_strict_complete,CrossAI_Joint-A,C03_Qwen3.7-Max,item_NAE_subject,56,0.0190984727224223,0.0104825888688808,0.0282884716386554,9.999000099990002e-05,0.0002999700029997,target higher
HAMD-17,HAMD17_strict_complete,CrossAI_Joint-A,C03_Qwen3.7-Max,cancellation_ratio_subject,56,0.1073145802610088,0.0193522197048982,0.1909232082401724,0.0175982401759824,0.0263973602639736,target higher
HAMD-17,HAMD17_strict_complete,CrossAI_Joint-B,C03_GLM-5.2,total_MAE_subject,61,-0.2161007025761124,-0.6561999089253189,0.1764336130627111,0.3204679532046795,0.3451654834516548,target lower (favorable for error)
HAMD-17,HAMD17_strict_complete,CrossAI_Joint-B,C03_GLM-5.2,item_NAE_subject,61,0.0017670592827294,-0.007283879398754,0.0110975934089482,0.7199280071992801,0.831016898310169,target higher
HAMD-17,HAMD17_strict_complete,CrossAI_Joint-B,C03_GLM-5.2,cancellation_ratio_subject,61,0.0180253327761019,-0.0480662942147277,0.0852017079823509,0.5934406559344065,0.5934406559344065,target higher
HAMD-17,HAMD17_strict_complete,CrossAI_Joint-B,C03_Kimi-K2.6,total_MAE_subject,63,-0.5173658352229781,-1.0163698349710253,0.0317416225749552,0.060993900609939,0.182981701829817,target lower (favorable for error)
HAMD-17,HAMD17_strict_complete,CrossAI_Joint-B,C03_Kimi-K2.6,item_NAE_subject,63,0.0009662198212618,-0.0077073514591021,0.0106079654083855,0.831016898310169,0.831016898310169,target higher
HAMD-17,HAMD17_strict_complete,CrossAI_Joint-B,C03_Kimi-K2.6,cancellation_ratio_subject,63,0.1039940049065921,0.0176879730491786,0.1923904216710673,0.0218978102189781,0.0656934306569343,target higher
HAMD-17,HAMD17_strict_complete,CrossAI_Joint-B,C03_Qwen3.7-Max,total_MAE_subject,57,-0.2432539682539683,-0.7609804023948761,0.2569402673350038,0.3451654834516548,0.3451654834516548,target lower (favorable for error)
HAMD-17,HAMD17_strict_complete,CrossAI_Joint-B,C03_Qwen3.7-Max,item_NAE_subject,57,0.0103677289629302,0.0015437593165921,0.0202339258071649,0.0364963503649635,0.1094890510948905,target higher
HAMD-17,HAMD17_strict_complete,CrossAI_Joint-B,C03_Qwen3.7-Max,cancellation_ratio_subject,57,0.0775593861230747,-0.0157022041016954,0.1740420694123148,0.1166883311668833,0.1750324967503249,target higher
HAMD-17,HAMD17_strict_complete,CrossAI_Conservative-C,C03_GLM-5.2,total_MAE_subject,61,-0.1095173041894353,-0.502460154826958,0.2992577413479045,0.6031396860313969,0.6031396860313969,target lower (favorable for error)
HAMD-17,HAMD17_strict_complete,CrossAI_Conservative-C,C03_GLM-5.2,item_NAE_subject,61,-0.0020310993249758,-0.010698546153434,0.0066093264491588,0.6482351764823517,0.6559344065593441,target lower (favorable for error)
HAMD-17,HAMD17_strict_complete,CrossAI_Conservative-C,C03_GLM-5.2,cancellation_ratio_subject,61,-0.0088683869763104,-0.0729089004119741,0.0567592605166033,0.797920207979202,0.7979202079792019,target lower (favorable for error)
HAMD-17,HAMD17_strict_complete,CrossAI_Conservative-C,C03_Kimi-K2.6,total_MAE_subject,63,-0.3872952884857646,-0.8630824829931972,0.0993748425296042,0.1174882511748825,0.3524647535246475,target lower (favorable for error)
HAMD-17,HAMD17_strict_complete,CrossAI_Conservative-C,C03_Kimi-K2.6,item_NAE_subject,63,-0.0019160441954559,-0.0100795758118062,0.006202795933188,0.6559344065593441,0.6559344065593441,target lower (favorable for error)
HAMD-17,HAMD17_strict_complete,CrossAI_Conservative-C,C03_Kimi-K2.6,cancellation_ratio_subject,63,0.0793309632264658,0.009933173699708,0.1489785831330143,0.0358964103589641,0.1076892310768923,target higher
HAMD-17,HAMD17_strict_complete,CrossAI_Conservative-C,C03_Qwen3.7-Max,total_MAE_subject,57,-0.1134433305485937,-0.4923123781676413,0.2533067042606505,0.5768423157684232,0.6031396860313969,target lower (favorable for error)
HAMD-17,HAMD17_strict_complete,CrossAI_Conservative-C,C03_Qwen3.7-Max,item_NAE_subject,57,0.0070712934296525,-0.0004790340843939,0.014708551914918,0.0742925707429257,0.2228777122287771,target higher
HAMD-17,HAMD17_strict_complete,CrossAI_Conservative-C,C03_Qwen3.7-Max,cancellation_ratio_subject,57,0.0440431630855607,-0.0210637006552576,0.1123622062297134,0.2126787321267873,0.3190180981901809,target higher
HAMD-17,HAMD16_core,CrossAI_C03,C03_GLM-5.2,total_MAE_subject,99,-0.0797979797979798,-0.4475505050505051,0.2728282828282823,0.6592340765923408,0.6592340765923408,target lower (favorable for error)
HAMD-17,HAMD16_core,CrossAI_C03,C03_GLM-5.2,item_NAE_subject,99,-0.0027462121212121,-0.0093915719696969,0.0042613636363636,0.4402559744025597,0.6375362463753624,target lower (favorable for error)
HAMD-17,HAMD16_core,CrossAI_C03,C03_GLM-5.2,cancellation_ratio_subject,99,-0.0061604848904314,-0.0547441380704526,0.0468147596527721,0.8162183781621838,0.8162183781621838,target lower (favorable for error)
HAMD-17,HAMD16_core,CrossAI_C03,C03_Kimi-K2.6,total_MAE_subject,99,-0.6656565656565657,-1.0485858585858587,-0.2878282828282831,0.0010998900109989,0.0032996700329967,target lower (favorable for error)
HAMD-17,HAMD16_core,CrossAI_C03,C03_Kimi-K2.6,item_NAE_subject,99,-0.0044823232323232,-0.0121531723484848,0.0030938289141414,0.2462753724627537,0.6375362463753624,target lower (favorable for error)
HAMD-17,HAMD16_core,CrossAI_C03,C03_Kimi-K2.6,cancellation_ratio_subject,99,0.0920813966847835,0.0404662657892381,0.1439182477669554,0.0011998800119988,0.0035996400359964,target higher
HAMD-17,HAMD16_core,CrossAI_C03,C03_Qwen3.7-Max,total_MAE_subject,99,-0.1505050505050505,-0.4737878787878788,0.1667171717171714,0.3575642435756424,0.5363463653634637,target lower (favorable for error)
HAMD-17,HAMD16_core,CrossAI_C03,C03_Qwen3.7-Max,item_NAE_subject,99,0.0015151515151515,-0.0043406723484848,0.0077651515151515,0.6375362463753624,0.6375362463753624,target higher
HAMD-17,HAMD16_core,CrossAI_C03,C03_Qwen3.7-Max,cancellation_ratio_subject,99,0.0250513085317006,-0.0241495046018218,0.0722761070175285,0.317968203179682,0.4769523047695231,target higher
HAMD-17,HAMD16_core,CrossAI_Joint-A,C03_GLM-5.2,total_MAE_subject,99,-0.0333333333333333,-0.4687121212121211,0.4152020202020199,0.8841115888411158,0.8841115888411158,target lower (favorable for error)
HAMD-17,HAMD16_core,CrossAI_Joint-A,C03_GLM-5.2,item_NAE_subject,99,0.0125473484848484,0.0032666508838383,0.022427793560606,0.0157984201579842,0.0218978102189781,target higher
HAMD-17,HAMD16_core,CrossAI_Joint-A,C03_GLM-5.2,cancellation_ratio_subject,99,0.0164103615196588,-0.0345053628293261,0.0703302796552631,0.5313468653134686,0.5313468653134686,target higher
HAMD-17,HAMD16_core,CrossAI_Joint-A,C03_Kimi-K2.6,total_MAE_subject,99,-0.6191919191919192,-1.2232323232323232,-0.019116161616162,0.0523947605239476,0.1571842815718428,target lower (favorable for error)
HAMD-17,HAMD16_core,CrossAI_Joint-A,C03_Kimi-K2.6,item_NAE_subject,99,0.0108112373737373,0.0019720643939393,0.020028409090909,0.0218978102189781,0.0218978102189781,target higher
HAMD-17,HAMD16_core,CrossAI_Joint-A,C03_Kimi-K2.6,cancellation_ratio_subject,99,0.1146522430948737,0.042621966361447,0.1802230918710536,0.0014998500149985,0.0044995500449955,target higher
HAMD-17,HAMD16_core,CrossAI_Joint-A,C03_Qwen3.7-Max,total_MAE_subject,99,-0.104040404040404,-0.5092676767676768,0.3131818181818179,0.6320367963203679,0.8841115888411158,target lower (favorable for error)
HAMD-17,HAMD16_core,CrossAI_Joint-A,C03_Qwen3.7-Max,item_NAE_subject,99,0.0168087121212121,0.0092483428030303,0.0238817866161616,9.999000099990002e-05,0.0002999700029997,target higher
HAMD-17,HAMD16_core,CrossAI_Joint-A,C03_Qwen3.7-Max,cancellation_ratio_subject,99,0.0476221549417909,-0.0109111693377454,0.1069153813996199,0.1181881811818818,0.1772822717728227,target higher
HAMD-17,HAMD16_core,CrossAI_Joint-B,C03_GLM-5.2,total_MAE_subject,99,-0.098989898989899,-0.4930050505050505,0.3091161616161614,0.6314368563143685,0.6314368563143685,target lower (favorable for error)
HAMD-17,HAMD16_core,CrossAI_Joint-B,C03_GLM-5.2,item_NAE_subject,99,0.0039141414141414,-0.0041043244949494,0.012137389520202,0.3578642135786421,0.5367963203679632,target higher
HAMD-17,HAMD16_core,CrossAI_Joint-B,C03_GLM-5.2,cancellation_ratio_subject,99,0.0159821673012403,-0.0378315249565249,0.0697097798262013,0.5640435956404359,0.5640435956404359,target higher
HAMD-17,HAMD16_core,CrossAI_Joint-B,C03_Kimi-K2.6,total_MAE_subject,99,-0.6848484848484848,-1.1555555555555554,-0.2060101010101013,0.0047995200479952,0.0143985601439856,target lower (favorable for error)
HAMD-17,HAMD16_core,CrossAI_Joint-B,C03_Kimi-K2.6,item_NAE_subject,99,0.0021780303030303,-0.0059035669191919,0.0109059343434343,0.6246375362463754,0.6246375362463754,target higher
HAMD-17,HAMD16_core,CrossAI_Joint-B,C03_Kimi-K2.6,cancellation_ratio_subject,99,0.1142240488764553,0.0509512761492485,0.177120962976912,0.0010998900109989,0.0032996700329967,target higher
HAMD-17,HAMD16_core,CrossAI_Joint-B,C03_Qwen3.7-Max,total_MAE_subject,99,-0.1696969696969697,-0.5325252525252525,0.1930050505050501,0.3564643535646435,0.5346965303469653,target lower (favorable for error)
HAMD-17,HAMD16_core,CrossAI_Joint-B,C03_Qwen3.7-Max,item_NAE_subject,99,0.008175505050505,0.0008353061868686,0.0157678345959595,0.032996700329967,0.098990100989901,target higher
HAMD-17,HAMD16_core,CrossAI_Joint-B,C03_Qwen3.7-Max,cancellation_ratio_subject,99,0.0471939607233724,-0.0141136918348371,0.1061166113298466,0.1373862613738626,0.2060793920607939,target higher
HAMD-17,HAMD16_core,CrossAI_Conservative-C,C03_GLM-5.2,total_MAE_subject,99,-0.1424242424242424,-0.5292929292929294,0.2334848484848476,0.4644535546445355,0.4644535546445356,target lower (favorable for error)
HAMD-17,HAMD16_core,CrossAI_Conservative-C,C03_GLM-5.2,item_NAE_subject,99,-0.0003945707070707,-0.0074818497474747,0.0068497474747474,0.9224077592240776,0.9224077592240776,target lower (favorable for error)
HAMD-17,HAMD16_core,CrossAI_Conservative-C,C03_GLM-5.2,cancellation_ratio_subject,99,0.0050708338788834,-0.04527106170872,0.0563771224584035,0.8476152384761524,0.8476152384761524,target higher
HAMD-17,HAMD16_core,CrossAI_Conservative-C,C03_Kimi-K2.6,total_MAE_subject,99,-0.7282828282828282,-1.155580808080808,-0.2969191919191921,0.0018998100189981,0.0056994300569943,target lower (favorable for error)
HAMD-17,HAMD16_core,CrossAI_Conservative-C,C03_Kimi-K2.6,item_NAE_subject,99,-0.0021306818181818,-0.0095490056818181,0.0052556818181818,0.5786421357864213,0.867963203679632,target lower (favorable for error)
HAMD-17,HAMD16_core,CrossAI_Conservative-C,C03_Kimi-K2.6,cancellation_ratio_subject,99,0.1033127154540983,0.0455936682582826,0.1599550392600279,0.0002999700029997,0.0008999100089991,target higher
HAMD-17,HAMD16_core,CrossAI_Conservative-C,C03_Qwen3.7-Max,total_MAE_subject,99,-0.2131313131313131,-0.5101010101010103,0.0809343434343427,0.1798820117988201,0.2698230176982302,target lower (favorable for error)
HAMD-17,HAMD16_core,CrossAI_Conservative-C,C03_Qwen3.7-Max,item_NAE_subject,99,0.0038667929292929,-0.001942471590909,0.0097857481060606,0.2251774822517748,0.6755324467553245,target higher
HAMD-17,HAMD16_core,CrossAI_Conservative-C,C03_Qwen3.7-Max,cancellation_ratio_subject,99,0.0362826273010155,-0.01100761735181,0.0845121048633221,0.144985501449855,0.2174782521747825,target higher
