scale,model,strategy,delta_total_mae,delta_total_mae_ci_low,delta_total_mae_ci_high,total_mae_fdr_q,delta_mean_item_nae,mean_item_nae_ci_low,mean_item_nae_ci_high,mean_item_nae_fdr_q,delta_sum_abs_item_error,sum_abs_item_error_ci_low,sum_abs_item_error_ci_high,sum_abs_item_error_fdr_q,coverage_delta,coverage_ci_low,coverage_ci_high,coverage_noninferiority_pass,delta_cancellation_ratio,cancellation_ratio_ci_low,cancellation_ratio_ci_high,cancellation_ratio_fdr_q,delta_signed_error,signed_error_fdr_q,median_locked_replication_rate,median_selection_entropy,c03_retention_rate,stability_acceptable,phq_test47_delta_total_mae,phq_test47_total_mae_fdr_q,phq_test47_replication_support,level1_total_improvement,level2_true_scoring_improvement,level3_deployable_value,overall_decision,source
HAMD-17,GLM-5.2,A,-0.2901960784313725,-0.7681495098039218,0.2299632352941173,0.3797620237976202,0.0064730211937716,-0.0023673249170991,0.0156832107843137,0.3797620237976202,0.1911764705882352,-0.2539460784313725,0.6573774509803921,0.4163583641635837,0.0202020202020202,-0.0303282828282828,0.0757575757575757,True,0.0514314280490751,-0.0126268470091999,0.1130166812354312,0.1284871512848715,1.4323529411764706,0.0002999700029997,0.424,0.677023250773509,0.1764705882352941,False,,,False,False,False,False,Not_supported,pdch_heterogeneous_condition_three_strategy_20260827/three_strategy_decision_summary.csv
HAMD-17,GLM-5.2,B,-0.3295343137254902,-0.6933210784313724,0.0721200980392153,0.3521647835216478,0.0011418384755863,-0.006463796226211,0.0090275487492791,0.9825017498250176,-0.0043709150326797,-0.3749662990196079,0.3886121323529412,0.9825017498250176,0.0212121212121212,-0.0181818181818181,0.0646464646464646,True,0.0332788614211624,-0.0208246175141179,0.0900631525697485,0.2646735326467353,0.9618872549019608,0.0002999700029997,0.505,0.6412166622151302,0.1764705882352941,False,,,False,False,False,False,Not_supported,pdch_heterogeneous_condition_three_strategy_20260827/three_strategy_decision_summary.csv
HAMD-17,GLM-5.2,C,-0.1439542483660131,-0.4199346405228757,0.1095302287581696,0.760923907609239,0.0008455281622452,-0.0031838603241541,0.0049823873329969,0.760923907609239,0.0385620915032679,-0.1943014705882353,0.2885866013071894,0.760923907609239,0.009090909090909,-0.0151515151515151,0.0343434343434343,True,0.0127413315010633,-0.0225520989787317,0.0526093021381732,0.5206479352064793,0.5691993464052287,0.0005999400059994,0.523,0.5088403454170367,0.5882352941176471,False,,,False,False,False,False,Not_supported,pdch_heterogeneous_condition_three_strategy_20260827/three_strategy_decision_summary.csv
HAMD-17,Kimi-K2.6,A,-0.6790192743764174,-1.1559647108843538,-0.2043847789115646,0.0072992700729927,0.0173528578097905,0.0088577946803721,0.0260407725590236,0.0002999700029997,0.9818197278911568,0.5333163265306123,1.427271541950113,0.0002999700029997,-0.0393939393939394,-0.0626262626262626,-0.0191919191919191,False,0.1385412604990936,0.071090511675218,0.2049661526394144,9.999000099990002e-05,1.7570124716553286,9.999000099990002e-05,0.445,0.6013821265535371,0.2941176470588235,False,,,False,True,False,False,Level1_total_improvement_only,pdch_heterogeneous_condition_three_strategy_20260827/three_strategy_decision_summary.csv
HAMD-17,Kimi-K2.6,B,-0.3070048309178744,-0.6634178743961352,0.088224637681159,0.1808819118088191,0.0051039890593918,-0.0026983984263995,0.0122962178530832,0.1851814818518148,0.3198872785829307,-0.0316344605475039,0.6681239935587763,0.1808819118088191,-0.0404040404040404,-0.0828282828282828,0.003030303030303,False,0.0771097557521257,0.0187671871007335,0.136108959070436,0.0102989701029897,0.7681159420289855,0.0002999700029997,0.472,0.5958487555022355,0.4117647058823529,False,,,False,False,False,False,Not_supported,pdch_heterogeneous_condition_three_strategy_20260827/three_strategy_decision_summary.csv
HAMD-17,Kimi-K2.6,C,-0.099954648526077,-0.2799892290249433,0.0921235827664399,0.2827717228277172,0.002751517273576,-0.0009322135104041,0.0064480177487661,0.2233276672332766,0.1603628117913832,-0.0266785714285714,0.3441060090702946,0.2233276672332766,-0.0101010101010101,-0.0202020202020202,-0.002020202020202,True,0.0345490091918663,0.0012007098941622,0.0665216189674522,0.0442955704429557,0.3056689342403628,0.002999700029997,0.626,0.5101123306262808,0.8235294117647058,False,,,False,False,False,False,Not_supported,pdch_heterogeneous_condition_three_strategy_20260827/three_strategy_decision_summary.csv
HAMD-17,Qwen3.7-Max,A,-0.2581597222222223,-0.7858203125000001,0.2724782986111106,0.3398660133986601,0.0182039547589869,0.0090815286075367,0.0283100083295036,0.0008999100089991,0.8314236111111111,0.3642317708333334,1.3331640625,0.0031496850314968,0.0494949494949495,0.005050505050505,0.0979797979797979,True,0.0633297167610893,-0.0173668531861316,0.1454679443465824,0.1306869313068693,1.4012152777777778,0.0002999700029997,0.442,0.6065870028745866,0.1764705882352941,False,,,False,False,False,False,Not_supported,pdch_heterogeneous_condition_three_strategy_20260827/three_strategy_decision_summary.csv
HAMD-17,Qwen3.7-Max,B,-0.2470486111111111,-0.6142491319444443,0.1269270833333332,0.204979502049795,0.0077545764399509,0.0016892616421568,0.0133894737094056,0.0254974502549745,0.4015625,0.0926953125000001,0.7297135416666666,0.0254974502549745,0.0828282828282828,0.0242424242424242,0.1494949494949495,True,0.0622406415865361,-0.0006432670055525,0.1283979997328265,0.0678932106789321,0.978298611111111,0.0002999700029997,0.543,0.5963419887620431,0.5882352941176471,False,,,False,False,False,False,Not_supported,pdch_heterogeneous_condition_three_strategy_20260827/three_strategy_decision_summary.csv
HAMD-17,Qwen3.7-Max,C,-0.1897321428571428,-0.3462444196428572,-0.0319140624999999,0.0737926207379262,0.0014562270220588,-0.0011107936827074,0.0040576018004858,0.4054094590540945,0.0665178571428571,-0.0897433035714285,0.2276785714285713,0.4235576442355764,0.0454545454545454,0.0121212121212121,0.0828282828282828,True,0.0318567283411033,0.0007061217861998,0.0618640174929237,0.0521947805219478,0.4732142857142856,0.0002999700029997,0.816,0.3528300112105655,0.8235294117647058,True,,,False,False,False,False,Not_supported,pdch_heterogeneous_condition_three_strategy_20260827/three_strategy_decision_summary.csv
PHQ-8,DeepSeek-V4-Pro,A,-0.9746478873239436,-1.3591549295774648,-0.6020774647887326,0.0002999700029997,0.0057511737089201,-0.0043735328638497,0.0162272593896713,0.2853714628537146,0.1380281690140845,-0.1219366197183098,0.3816901408450704,0.2853714628537146,0.0,0.0,0.0,True,0.1629601267277323,0.1140448471716077,0.2155319760442998,9.999000099990002e-05,1.7366197183098593,9.999000099990002e-05,0.6385000000000001,0.525012061266158,0.125,False,-0.5319148936170213,0.2615738426157384,False,True,False,False,Level1_total_improvement_only,pdch_heterogeneous_condition_three_strategy_20260827/three_strategy_decision_summary.csv
PHQ-8,DeepSeek-V4-Pro,B,-0.3866197183098592,-0.5986091549295776,-0.1886971830985917,0.0002999700029997,0.001144366197183,-0.0056044600938967,0.0074244424882629,0.7365263473652636,0.0274647887323943,-0.1254049295774648,0.178169014084507,0.7365263473652636,0.0,0.0,0.0,True,0.0594510849088313,0.0275114186478623,0.090378451458557,0.0003999600039996,0.5683098591549296,0.0001499850014998,0.575,0.4950929500140431,0.375,True,-0.2978723404255319,0.080991900809919,False,True,False,False,Level1_total_improvement_only,pdch_heterogeneous_condition_three_strategy_20260827/three_strategy_decision_summary.csv
PHQ-8,DeepSeek-V4-Pro,C,-0.1767605633802817,-0.2838204225352112,-0.0760387323943663,0.0035996400359964,0.0010856807511737,-0.0020833333333333,0.0042840375586854,0.512048795120488,0.026056338028169,-0.0514260563380282,0.097200704225352,0.512048795120488,0.0,0.0,0.0,True,0.0261582822498315,0.0077719141187451,0.0439631203108315,0.0031996800319968,0.2964788732394366,0.0001499850014998,0.7735000000000001,0.3705700533320417,0.75,True,-0.0212765957446808,1.0,False,True,False,False,Level1_total_improvement_only,pdch_heterogeneous_condition_three_strategy_20260827/three_strategy_decision_summary.csv
PHQ-8,GLM-5.2,A,-0.1598591549295774,-0.3436971830985916,0.0155633802816897,0.0918908109189081,0.0137030516431924,0.006219190140845,0.0209521713615023,0.0005999400059994,0.3288732394366198,0.1485915492957746,0.5105809859154928,0.0007499250074992,0.0,0.0,0.0,True,0.0685525390102854,0.036151116586856,0.1004223099865705,0.0001999800019998,0.6809859154929577,0.0001499850014998,0.5115000000000001,0.5328000585467861,0.25,False,0.1063829787234042,0.6595340465953404,False,False,False,False,Not_supported,pdch_heterogeneous_condition_three_strategy_20260827/three_strategy_decision_summary.csv
PHQ-8,GLM-5.2,B,-0.0457746478873239,-0.1612676056338028,0.0598767605633801,0.4488551144885511,0.0120598591549295,0.0080105633802816,0.0161392312206572,0.0001499850014998,0.2894366197183098,0.1894366197183098,0.3943838028169013,0.0001499850014998,0.0,0.0,0.0,True,0.046827988130805,0.0267519422088084,0.0697109894213767,9.999000099990002e-05,0.3528169014084507,9.999000099990002e-05,0.503,0.5589566974972413,0.75,False,0.0212765957446808,1.0,False,False,False,False,Not_supported,pdch_heterogeneous_condition_three_strategy_20260827/three_strategy_decision_summary.csv
PHQ-8,GLM-5.2,C,0.004225352112676,-0.0077464788732394,0.0161971830985915,0.5411458854114588,0.0012910798122065,0.0006748826291079,0.0019659624413145,0.0002999700029997,0.0309859154929577,0.0161971830985915,0.0471830985915492,0.0002999700029997,0.0,0.0,0.0,True,0.0023573257728187,0.000103556947747,0.0048474521370648,0.0531946805319468,0.0338028169014084,0.0002999700029997,0.9,0.1960195580421491,1.0,True,0.0,1.0,False,False,False,False,Not_supported,pdch_heterogeneous_condition_three_strategy_20260827/three_strategy_decision_summary.csv
PHQ-8,Qwen3.7-Max,A,-0.6725352112676056,-0.9760915492957744,-0.3823767605633804,0.0002999700029997,0.0031983568075117,-0.0072197769953051,0.0133245305164319,0.5402459754024598,0.0767605633802817,-0.1661971830985915,0.3077816901408449,0.5402459754024598,0.0,0.0,0.0,True,0.1061225277070347,0.0662687772907843,0.1494831759594083,9.999000099990002e-05,1.3190140845070424,9.999000099990002e-05,0.577,0.5911540432922174,0.125,False,-0.5106382978723404,0.1088891110888911,False,True,False,False,Level1_total_improvement_only,pdch_heterogeneous_condition_three_strategy_20260827/three_strategy_decision_summary.csv
PHQ-8,Qwen3.7-Max,B,-0.4429577464788732,-0.6571126760563382,-0.228169014084507,0.0002999700029997,-0.004900234741784,-0.0122960680751173,0.0025535504694835,0.2174782521747825,-0.1176056338028169,-0.3204225352112676,0.0620246478873236,0.2174782521747825,0.0,0.0,0.0,True,0.0501829782111472,0.019173170042008,0.0816880243191862,0.0016998300169983,0.7598591549295775,0.0001499850014998,0.5255000000000001,0.5521930665510293,0.125,False,-0.574468085106383,0.0020997900209979,True,True,True,False,Level2_true_scoring_improvement,pdch_heterogeneous_condition_three_strategy_20260827/three_strategy_decision_summary.csv
PHQ-8,Qwen3.7-Max,C,-0.1830985915492957,-0.2753521126760563,-0.0922359154929578,0.0011998800119988,0.0013497652582159,-0.0017312206572769,0.004225352112676,0.3792620737926207,0.0323943661971831,-0.0415669014084506,0.1063380281690141,0.3792620737926207,0.0,0.0,0.0,True,0.0303763099185634,0.009954237761456,0.0511310623062383,0.0031996800319968,0.3014084507042253,0.0001499850014998,0.4765,0.4571195590658516,0.75,False,-0.0851063829787234,0.6446355364463554,False,True,False,False,Level1_total_improvement_only,pdch_heterogeneous_condition_three_strategy_20260827/three_strategy_decision_summary.csv
