module,scale,analysis_layer,model,method,N,coverage,total_MAE,item_MAE,item_NAE,sum_item_AE,cancellation_ratio,delta_vs_C03,ci_low,ci_high,p,q
Direct Joint Cross-AI,PHQ-8,PHQ189 pooled,GLM-5.2,C03_GLM-5.2,189,1.0,3.253968253968254,0.583994708994709,0.1946649029982363,,0.2784187300060315,0.0,,,,
Direct Joint Cross-AI,PHQ-8,PHQ189 pooled,mixed,CrossAI_C03,189,1.0,3.556084656084656,0.5802248677248677,0.1934082892416225,,0.2146305839956633,0.3021164021164022,0.1751322751322751,0.4264550264550264,,9.999000099990002e-05
Direct Joint Cross-AI,PHQ-8,PHQ189 pooled,mixed,CrossAI_Conservative-C,189,1.0,3.547089947089946,0.5797619047619047,0.1932539682539682,,0.2154974919260633,0.2931216931216922,0.1703703703703704,0.4169444444444444,,9.999000099990002e-05
Direct Joint Cross-AI,PHQ-8,PHQ189 pooled,mixed,CrossAI_Joint-A,189,1.0,3.376190476190476,0.6066798941798941,0.202226631393298,,0.2879677876503273,0.1222222222222222,1.389247329755819e-17,0.2502645502645503,,0.055994400559944
Direct Joint Cross-AI,PHQ-8,PHQ189 pooled,mixed,CrossAI_Joint-B,189,1.0,3.51957671957672,0.5969576719576719,0.1989858906525573,,0.2487575475670713,0.2656084656084658,0.1306878306878306,0.4095238095238094,,0.0001999800019998
Direct Joint Cross-AI,PHQ-8,PHQ189 pooled,GLM-5.2,WithinAI_GLM-5.2_B,189,1.0,3.2507936507936512,0.605026455026455,0.2016754850088183,,0.3012884939869067,-0.0031746031746027,,,,
Stage2,PHQ-8,PHQ primary142,DeepSeek-V4-Pro,B,142,1.0,3.796478873239437,0.6389964788732394,0.2129988262910798,5.111971830985915,0.2201231983978462,-0.3866197183098592,-0.5944014084507042,-0.1873063380281691,0.0002999700029997,0.0007499250074992
Stage2,PHQ-8,PHQ primary142,GLM-5.2,B,142,1.0,3.2359154929577465,0.6224471830985916,0.2074823943661971,4.979577464788733,0.3125414608865313,-0.0457746478873239,-0.1718485915492957,0.0753521126760563,0.443955604439556,0.6942305769423057
Stage2,PHQ-8,PHQ primary142,Qwen3.7-Max,B,142,1.0,3.838732394366197,0.6138204225352113,0.2046068075117371,4.91056338028169,0.1891690703662534,-0.4429577464788732,-0.6556338028169014,-0.2415140845070424,0.0001999800019998,0.0004999500049995
Stage2,PHQ-8,PHQ primary142,DeepSeek-V4-Pro,C03,142,1.0,4.183098591549296,0.6355633802816901,0.2118544600938967,5.084507042253521,0.1606721134890149,0.0,0.0,0.0,1.0,
Stage2,PHQ-8,PHQ primary142,GLM-5.2,C03,142,1.0,3.2816901408450705,0.5862676056338029,0.1954225352112676,4.690140845070423,0.2657134727557262,0.0,0.0,0.0,1.0,
Stage2,PHQ-8,PHQ primary142,Qwen3.7-Max,C03,142,1.0,4.28169014084507,0.6285211267605634,0.2095070422535211,5.028169014084507,0.1389860921551062,0.0,0.0,0.0,1.0,
Stage2,PHQ-8,PHQ primary142,DeepSeek-V4-Pro,ElasticNet,142,1.0,3.573239436619718,0.6260563380281691,0.2086854460093897,5.0084507042253525,0.3005652094384488,-0.6098591549295777,-1.2008274647887325,-0.0598063380281693,0.0386961303869613,0.0412958704129587
Stage2,PHQ-8,PHQ primary142,GLM-5.2,ElasticNet,142,1.0,3.2119718309859158,0.5689260563380282,0.1896420187793427,4.551408450704225,0.2851734650326199,-0.0697183098591549,-0.4063556338028168,0.2859330985915491,0.6942305769423057,0.6942305769423057
Stage2,PHQ-8,PHQ primary142,Qwen3.7-Max,ElasticNet,142,1.0,3.773943661971831,0.646919014084507,0.2156396713615023,5.175352112676056,0.2792356665243989,-0.5077464788732393,-1.0931161971830985,0.0515669014084498,0.0943905609439056,0.116988301169883
Stage2,PHQ-8,PHQ primary142,DeepSeek-V4-Pro,Mean,142,1.0,3.556338028169014,0.6276408450704225,0.2092136150234741,5.02112676056338,0.2492136189319287,-0.6267605633802817,-0.9647887323943662,-0.3098591549295774,0.0001999800019998,0.0007499250074992
Stage2,PHQ-8,PHQ primary142,GLM-5.2,Mean,142,1.0,3.028169014084507,0.6302816901408451,0.210093896713615,5.042253521126761,0.3508368392171209,-0.2535211267605634,-0.4860915492957746,-0.0211267605633802,0.0411958804119588,0.205979402059794
Stage2,PHQ-8,PHQ primary142,Qwen3.7-Max,Mean,142,1.0,3.746478873239437,0.6373239436619719,0.2124413145539906,5.098591549295775,0.2327587905052693,-0.5352112676056338,-0.8100352112676057,-0.2887323943661972,0.0001999800019998,0.0004999500049995
Stage2,PHQ-8,PHQ primary142,DeepSeek-V4-Pro,Median,142,1.0,3.676056338028169,0.6461267605633803,0.2153755868544601,5.169014084507042,0.2458809969373349,-0.5070422535211268,-0.8170774647887324,-0.2323943661971831,0.0010998900109989,0.0018331500183315
Stage2,PHQ-8,PHQ primary142,GLM-5.2,Median,142,1.0,3.1690140845070425,0.6408450704225352,0.2136150234741784,5.126760563380282,0.3373275003556694,-0.1126760563380281,-0.3591549295774648,0.1197183098591549,0.4050594940505949,0.6942305769423057
Stage2,PHQ-8,PHQ primary142,Qwen3.7-Max,Median,142,1.0,3.816901408450704,0.6355633802816901,0.2118544600938967,5.084507042253521,0.2157120657120657,-0.4647887323943662,-0.704225352112676,-0.2112676056338028,0.0003999600039996,0.000666600006666
Stage2,PHQ-8,PHQ primary142,DeepSeek-V4-Pro,Ridge,142,1.0,3.5767605633802817,0.6284330985915493,0.2094776995305164,5.027464788732394,0.3009525333821108,-0.6063380281690143,-1.1325176056338029,-0.0675880281690142,0.0412958704129587,0.0412958704129587
Stage2,PHQ-8,PHQ primary142,GLM-5.2,Ridge,142,1.0,3.195774647887324,0.5714788732394366,0.1904929577464788,4.571830985915493,0.2887087677580635,-0.0859154929577464,-0.4437147887323944,0.282394366197183,0.6402359764023597,0.6942305769423057
Stage2,PHQ-8,PHQ primary142,Qwen3.7-Max,Ridge,142,1.0,3.797887323943662,0.6486795774647888,0.2162265258215962,5.18943661971831,0.2774227181269434,-0.4838028169014085,-1.077482394366197,0.1035563380281687,0.116988301169883,0.116988301169883
Direct Joint Cross-AI,HAMD-17,HAMD16 core,GLM-5.2,C03_GLM-5.2,99,1.0,3.515151515151515,0.4684343434343434,0.1521464646464646,,0.5286653862411438,0.0,,,,
Direct Joint Cross-AI,HAMD-17,HAMD16 core,mixed,CrossAI_C03,99,1.0,3.4353535353535354,0.454861111111111,0.1494002525252525,,0.5225049013507124,-0.0797979797979797,-0.4475505050505051,0.2728282828282823,,0.6592340765923408
Direct Joint Cross-AI,HAMD-17,HAMD16 core,mixed,CrossAI_Conservative-C,99,1.0,3.372727272727273,0.4626893939393939,0.1517518939393939,,0.5337362201200272,-0.1424242424242421,-0.5292929292929294,0.2334848484848476,,0.4644535546445356
Direct Joint Cross-AI,HAMD-17,HAMD16 core,mixed,CrossAI_Joint-A,99,1.0,3.4818181818181824,0.4990530303030302,0.1646938131313131,,0.5450757477608027,-0.0333333333333327,-0.4687121212121211,0.4152020202020199,,0.8841115888411158
Direct Joint Cross-AI,HAMD-17,HAMD16 core,mixed,CrossAI_Joint-B,99,1.0,3.416161616161616,0.4724747474747475,0.156060606060606,,0.5446475535423841,-0.0989898989898994,-0.4930050505050505,0.3091161616161614,,0.6314368563143685
Direct Joint Cross-AI,HAMD-17,HAMD16 core,GLM-5.2,WithinAI_GLM-5.2_B,99,1.0,3.2979797979797976,0.4755681818181818,0.1566603535353535,,0.5663192522175541,-0.2171717171717175,,,,
Stage2,HAMD-17,HAMD16 core,GLM-5.2,B,99,1.0,3.297979797979798,0.4734217171717171,0.1559659090909091,7.574747474747475,0.5593470657118748,-0.2171717171717172,-0.6111363636363637,0.1959848484848482,0.3162683731626837,0.5271139552711396
Stage2,HAMD-17,HAMD16 core,Kimi-K2.6,B,99,1.0,3.9696969696969697,0.492550505050505,0.1619949494949495,7.880808080808081,0.4780574842072168,-0.1313131313131313,-0.4788131313131313,0.2363888888888888,0.465953404659534,0.465953404659534
Stage2,HAMD-17,HAMD16 core,Qwen3.7-Max,B,99,1.0,3.3282828282828283,0.4889520202020202,0.1570549242424242,7.8232323232323235,0.565779329602859,-0.2575757575757576,-0.5596464646464647,0.0424999999999995,0.097990200979902,0.48995100489951
Stage2,HAMD-17,HAMD16 core,GLM-5.2,C03,99,1.0,3.515151515151515,0.4684343434343434,0.1521464646464646,7.494949494949495,0.5286653862411438,0.0,0.0,0.0,1.0,
Stage2,HAMD-17,HAMD16 core,Kimi-K2.6,C03,99,1.0,4.101010101010101,0.4696969696969697,0.1538825757575757,7.515151515151516,0.4304235046659289,0.0,0.0,0.0,1.0,
Stage2,HAMD-17,HAMD16 core,Qwen3.7-Max,C03,99,1.0,3.585858585858586,0.4627525252525252,0.147885101010101,7.404040404040404,0.4974535928190117,0.0,0.0,0.0,1.0,
Stage2,HAMD-17,HAMD16 core,GLM-5.2,ElasticNet,99,1.0,3.4414141414141413,0.4460227272727273,0.1475063131313131,7.136363636363637,0.5230239938974341,-0.0737373737373736,-0.4484848484848483,0.321262626262626,0.7253274672532747,0.7253274672532747
Stage2,HAMD-17,HAMD16 core,Kimi-K2.6,ElasticNet,99,1.0,3.678787878787879,0.488510101010101,0.160748106060606,7.816161616161616,0.5275635950502261,-0.4222222222222223,-0.8728030303030304,0.0232575757575756,0.0722927707229277,0.1807319268073192
Stage2,HAMD-17,HAMD16 core,Qwen3.7-Max,ElasticNet,99,1.0,3.616161616161616,0.4717171717171717,0.155697601010101,7.547474747474747,0.5209719349113288,0.0303030303030301,-0.3848484848484849,0.4414898989898985,0.8939106089391061,1.0
Stage2,HAMD-17,HAMD16 core,GLM-5.2,Mean,99,1.0,3.191919191919192,0.4457070707070707,0.1464646464646464,7.131313131313132,0.5465285275891337,-0.3232323232323232,-0.7272727272727273,0.1113636363636349,0.1506849315068493,0.3767123287671232
Stage2,HAMD-17,HAMD16 core,Kimi-K2.6,Mean,99,1.0,3.717171717171717,0.4696969696969697,0.152935606060606,7.515151515151516,0.4885709128133371,-0.3838383838383838,-0.8285353535353536,0.0808080808080808,0.1141885811418858,0.190314301903143
Stage2,HAMD-17,HAMD16 core,Qwen3.7-Max,Mean,99,1.0,3.4444444444444446,0.4703282828282828,0.1521464646464646,7.525252525252525,0.5261071139859018,-0.1414141414141414,-0.5151515151515151,0.2222222222222222,0.4952504749525047,1.0
Stage2,HAMD-17,HAMD16 core,GLM-5.2,Median,99,1.0,3.1616161616161618,0.442550505050505,0.145675505050505,7.08080808080808,0.556918576137077,-0.3535353535353535,-0.7777777777777778,0.1212121212121212,0.1284871512848715,0.3767123287671232
Stage2,HAMD-17,HAMD16 core,Kimi-K2.6,Median,99,1.0,3.8484848484848486,0.4753787878787879,0.1546717171717171,7.606060606060606,0.4673342700080668,-0.2525252525252525,-0.7373737373737373,0.2525252525252525,0.3481651834816518,0.4352064793520648
Stage2,HAMD-17,HAMD16 core,Qwen3.7-Max,Median,99,1.0,3.585858585858586,0.4715909090909091,0.1521464646464646,7.545454545454546,0.5148834891259133,0.0,-0.3636363636363636,0.3939393939393939,1.0,1.0
Stage2,HAMD-17,HAMD16 core,GLM-5.2,Ridge,99,1.0,3.403030303030303,0.4450126262626263,0.1469381313131313,7.12020202020202,0.5268888640902901,-0.1121212121212121,-0.5192171717171719,0.2919696969696967,0.6049395060493951,0.7253274672532747
Stage2,HAMD-17,HAMD16 core,Kimi-K2.6,Ridge,99,1.0,3.616161616161616,0.4872474747474747,0.1609532828282828,7.795959595959596,0.5337956628108143,-0.4848484848484849,-0.9515656565656568,-0.0069444444444452,0.0478952104789521,0.1807319268073192
Stage2,HAMD-17,HAMD16 core,Qwen3.7-Max,Ridge,99,1.0,3.607070707070707,0.4745580808080808,0.1561710858585858,7.592929292929293,0.5249501816926059,0.0212121212121212,-0.3880050505050506,0.4566919191919183,0.9208079192080793,1.0
